Name,Phone Number,Email,Payment Amount
Emma Wilson,+15550101001,emma.wilson@example.com,1250.00
Liam Anderson,+15550101002,liam.anderson@example.com,875.50
Olivia Martinez,+15550101003,olivia.martinez@example.com,2100.00
Noah Thompson,+15550101004,noah.thompson@example.com,450.75
Ava Robinson,+15550101005,ava.robinson@example.com,1625.00
Ethan Clark,+15550101006,ethan.clark@example.com,980.25
Sophia Rodriguez,+15550101007,sophia.rodriguez@example.com,3200.00
Mason Lewis,+15550101008,mason.lewis@example.com,735.40
Isabella Lee,+15550101009,isabella.lee@example.com,1890.60
Lucas Walker,+15550101010,lucas.walker@example.com,560.00
Mia Hall,+15550101011,mia.hall@example.com,1425.90
James Allen,+15550101012,james.allen@example.com,2750.00
Charlotte Young,+15550101013,charlotte.young@example.com,690.35
Benjamin Hernandez,+15550101014,benjamin.hernandez@example.com,1150.00
Amelia King,+15550101015,amelia.king@example.com,2040.80
